Time (s),Accel_X (m/s^2),Accel_Y (m/s^2),Accel_Z (m/s^2)
0.0,-1.0525903416392335,9.959201046476338,0.8423821480719482
0.01,-0.3623177220103644,9.26453453271689,0.7989090515196156
0.02,-0.030281729853505218,9.367864479728038,0.2203361147941008
0.03,2.871778060930186,10.171113130045274,-0.32332521281300197
0.04,0.03269552088309369,9.810343726782301,0.7370370289138547
0.05,-1.3123812635045473,12.8908046323433,0.5857111608109715
0.06,0.35854603951625774,10.301377058393479,1.4955134197515927
0.07,0.054324488327513576,9.481279849532907,2.2027307488166747
0.08,2.5942179985382685,9.741304276258209,0.0002682174133625814
0.09,0.06508644614152748,9.523867411880682,2.3758602374145625
0.1,-0.5715999143598901,10.269018112588437,4.364446492894712
0.11,0.7220576646612291,11.230892243078788,0.5282781753968857
0.12,-0.2913359941161797,10.292258817737984,3.3493704898781007
0.13,1.6816715414191747,10.145923994711685,1.9868871326539401
0.14,-0.02563759540008559,9.453143285401008,1.908692504074816
0.15,1.0675811303689957,12.194280932884336,2.348246693563597
0.16,0.8664005068129517,8.838040531309904,1.9465616765683624
0.17,3.0116706435968608,7.2385341939323915,3.8076550797396744
0.18,1.1333112760339565,10.162891478071703,1.6853448849809165
0.19,2.146606699376679,10.120234117930037,3.263624671545895
0.2,2.6407970683567816,10.396400519688862,3.79644623186283
0.21,2.733971762009517,9.898922675108551,4.935766196642433
0.22,2.5522074854066497,10.77076240994755,3.778645494196521
0.23,2.7745846732390835,10.826718562420716,3.9677100373968237
0.24,2.6959043799107083,9.481251107615346,4.6546223845605805
0.25,3.623117129574136,10.303688923203472,4.919564950305458
0.26,4.4687243606594285,10.909120462834702,6.117673442624044
0.27,2.7994535168247547,7.475959277570522,4.495299295758973
0.28,2.2465229387842114,7.89590011391104,5.06678878195588
0.29,4.097439190032526,10.911417672069067,4.819124450318871
0.3,4.356329270179969,10.681652171001362,4.998078049808041
0.31,3.2245237979157193,10.374743454280793,6.146603317843247
0.32,3.7709656104151366,8.415984621124299,6.324891693260964
0.33,3.550239592369806,10.540866811683191,5.797222440198694
0.34,3.395844663995747,9.428906817480744,5.643535496870938
0.35000000000000003,3.2451305949243356,9.921844061746103,6.686013313744054
0.36,3.3148042176086276,9.971087404823605,6.666232256991399
0.37,1.864830458566857,9.268738239216777,5.9790897449440354
0.38,3.924102032277353,10.604425122683045,6.436314192184266
0.39,4.100113598594506,9.631232081215089,7.132449479378208
0.4,3.477909392584652,10.510467080869146,7.992001636871696
0.41000000000000003,2.3640730872629265,8.589443067500468,7.439123267129036
0.42,3.5270247677199222,9.254141972824018,7.519561163511599
0.43,1.7814537851386225,8.28477777240301,7.542605763733199
0.44,4.653136631559406,9.84931122227762,8.184851041393541
0.45,5.49202638165955,8.692227647606519,7.663212866771885
0.46,4.628147474822926,7.827491605150346,9.294174455183784
0.47000000000000003,5.546954176497779,9.36781559325416,8.061230803583701
0.48,3.937610515737328,8.76742172990424,6.7776577379060345
0.49,3.240254042527418,9.134202789187635,8.894853334683146
0.5,4.4093742916841725,8.667336852108129,8.130581999698713
0.51,3.4197507404885354,9.099181737036215,8.25072003956047
0.52,5.093128315603333,7.55144724875462,8.22848640595964
0.53,4.5467597405599935,8.105129005965587,7.871592090334215
0.54,1.4546927898069466,8.814730012309097,7.708599502263901
0.55,6.20191655381807,9.053993199492277,8.565675079507912
0.56,4.73878379380685,8.997252407593841,10.251346493830907
0.5700000000000001,5.236630397958843,7.906577624117061,10.177821043196438
0.58,6.890963378845713,10.468519452882745,7.813657597446991
0.59,5.709944508555976,7.848212325502921,6.7828431769746445
0.6,7.545984097493241,8.27856836670195,8.291573387336388
0.61,5.677621047063051,8.020782762275411,9.197397515036382
0.62,5.773891310333381,7.941793153234387,9.675570071985463
0.63,5.929452623462722,8.858606616055106,9.46142143167464
0.64,6.191989159365007,7.813520179822184,10.111428871233214
0.65,6.720122447389426,9.540996227754214,9.771464880834444
0.66,6.300337064249864,8.315022076326333,10.450947043583742
0.67,6.374986784510113,6.79987468847282,9.721494310945426
0.68,7.190629389270256,6.855944214072927,11.444776944004362
0.6900000000000001,5.970527812263244,8.266447753903398,10.34599623349669
0.7000000000000001,6.036938543138765,8.455127648721065,8.093991238392626
0.71,6.6559702599128645,5.447162027045627,9.689398836392321
0.72,5.908157556620338,6.876758708982803,10.57262883238023
0.73,6.303025803750861,7.756131189584507,10.696114032898524
0.74,8.598690293913695,8.113276893657186,11.015369869318356
0.75,7.641606256367836,6.56586677965313,10.844774017352485
0.76,5.184400859573508,9.338877749575964,11.657893669661407
0.77,6.640236738675662,7.696475309943143,9.131989144155058
0.78,7.339332180890707,6.825093136922402,9.838428774995513
0.79,6.7880929723774415,7.4776964770640175,8.996218240952423
0.8,7.310962709281402,6.305555553126248,10.507595593602703
0.81,7.484294436170321,7.836021368189959,10.86639893913358
0.8200000000000001,10.505679971923772,6.820172012067222,10.744081573033657
0.8300000000000001,7.607704539386047,6.583487155549785,10.039006266023634
0.84,8.257025284390721,7.749210994147878,9.826781521575644
0.85,6.9937807866777835,6.3960995056661325,10.79999416447218
0.86,7.29145640730867,8.351729061121691,10.73028143413105
0.87,8.405640503393977,7.05920629039013,11.456405993993735
0.88,7.9530041144714225,6.915317903969017,8.775174699036866
0.89,6.714640568172417,6.110443259461795,9.788067257587029
0.9,9.263129486077045,7.400382984356032,7.273108401858416
0.91,9.615734172063696,5.962516905474881,8.9705863282577
0.92,6.761681357255846,8.513241851723325,9.975033983295612
0.93,7.879930983039355,6.04215404557672,10.054945293458182
0.9400000000000001,6.696503278122105,5.906859091435808,9.345938121306437
0.9500000000000001,6.692510565387065,5.9951711581466345,10.612419008975525
0.96,8.256274209837658,5.631168050390453,9.501748651786082
0.97,7.618438584617314,6.440625654404695,10.077236651236067
0.98,8.248294118981201,6.04576605785476,9.785887896798494
0.99,9.984104834561375,6.367635539695743,8.465530306058922
1.0,7.365920149249423,4.81373739334235,9.503960112425132
1.01,10.506274712034388,3.3739692158157055,9.980786018669448
1.02,7.85687451877606,6.8968848457981515,11.04585751118426
1.03,7.669677419886981,5.83343501712845,9.405444304411906
1.04,8.753722297484078,5.3904187883034425,7.538287459862127
1.05,10.537074655354047,4.322940279367936,6.8833290405395
1.06,7.800998487448283,4.010929312258998,9.167907450096722
1.07,9.127385805284403,4.689729175468221,8.862997615412885
1.08,9.099803836371454,5.09036535132623,7.138350358795665
1.09,8.898321127980747,4.23362887122453,8.870955307120363
1.1,9.320781278707015,4.799546334406806,8.959848389959737
1.11,9.385236040478487,4.9357866617429895,8.727695952823352
1.12,7.670491540753385,3.966437661724016,9.349636014936774
1.1300000000000001,9.105562978498329,4.407091466261673,9.015694917153798
1.1400000000000001,8.431892369125386,3.8959837545483893,8.772614281656871
1.1500000000000001,8.200563899683107,4.038453350248199,8.069713394330385
1.16,12.860162805307262,2.6514621458319585,6.679229453188263
1.17,9.1057001924959,3.367203740945313,7.1159664642675
1.18,8.67925680099822,4.05514224907511,7.664499562108483
1.19,9.86868926557289,4.551480027351548,6.663429884123852
1.2,9.765517265107391,2.9719307543651166,6.762602081335707
1.21,8.88306537862892,3.0535884154136776,6.56970347620807
1.22,10.581716551143002,3.184793764113931,6.720656531869369
1.23,8.502315341347188,4.169199073799386,4.9149090695373605
1.24,9.574625263770931,2.0104584124027403,7.09136395653584
1.25,9.37277386257947,2.4372961910482105,7.265067988852523
1.26,10.483419797357936,4.868006788722055,6.2724633632603055
1.27,9.591470477646373,3.548286289516846,6.521683976068684
1.28,8.864197446477883,2.679226039198361,5.297516919268787
1.29,8.24160712587923,2.126295267831834,3.7247960334340076
1.3,10.812807185907067,1.4099033372039085,4.773636846596403
1.31,8.680876903249247,2.986753412396511,5.518104999868585
1.32,7.131535840625238,2.223535308748121,5.719501830640199
1.33,8.87710946707039,2.592426883300944,6.031771344895045
1.34,8.547209673636262,3.2967771577621257,5.196067359562017
1.35,10.690234649904632,0.8580223151034121,4.350525115923731
1.36,10.634022978352238,3.761973637596181,4.532058152360206
1.37,10.078043470577933,2.744419689687712,4.69354658040215
1.3800000000000001,11.265400012924742,0.884848602710298,4.383331933895363
1.3900000000000001,9.001262852954408,3.7153815197819533,1.3469125729089249
1.4000000000000001,8.863717224668902,1.7570043938144615,3.3521047736105363
1.41,11.290264435648044,3.3461043628073144,4.310362196817502
1.42,11.18310795619646,-0.8217577980416699,1.4550430624087958
1.43,8.479004400586616,2.1074291927390707,2.1372948602332746
1.44,10.213125331986834,2.156622638030053,4.1220683129361735
1.45,9.761561852482432,1.5452618139809455,0.5164535880371086
1.46,10.583466411725517,-0.6586250177188531,3.3183648059534643
1.47,9.898403302935819,2.6382129796177614,3.3788251671972396
1.48,9.958532743021339,1.9753806652832204,1.9612831410018112
1.49,9.218234173532148,1.0307527415680926,0.6860723719639779
1.5,11.50445176858754,0.7329276030210495,-0.3363677381825432
1.51,9.45244030732047,-0.0906153999767697,1.822232142079364
1.52,10.916968621342535,1.5948520544973857,0.9790504093843909
1.53,10.651800602992843,-0.7414697403597279,0.1393219496280511
1.54,9.654926001793884,1.0187132113489643,1.3591859420400592
1.55,9.798972640823461,0.3016141388089174,0.370268122140087
1.56,8.267158344794,0.5408396776783545,1.0206607441934605
1.57,10.188458667772313,-0.15743412808985177,-0.5491649140442735
1.58,9.295470297416491,-0.8056698514159621,1.2596336900459684
1.59,11.10593559867487,-0.12130260918927892,0.9551192844508084
1.6,8.757848320326453,-1.0132897630888595,-1.821909476581005
1.61,10.604065115007284,-0.6945021659635915,-0.4559634195655256
1.62,10.011887118808703,-0.5098416274966697,-0.7332999267179822
1.6300000000000001,11.588128433857106,0.06721120075409248,-1.3999850083188694
1.6400000000000001,11.041697516397727,-0.6236650014843493,-2.029524843505818
1.6500000000000001,8.143047100196675,-1.3611947250574041,-0.23427208861896887
1.6600000000000001,9.897037342712617,0.11018332823039989,-1.899029302422966
1.67,8.653911609835111,-2.211967021186057,-1.5241088186423881
1.68,9.697057741162402,-0.170378624455074,-1.2520870873065317
1.69,7.8528806647930764,0.20952086338636344,-2.110520884690035
1.7,9.831781610570944,-2.323930078122755,-1.6694161691436475
1.71,7.752181068203513,-0.8450511314486042,-2.4413525581813995
1.72,9.210707287585254,-2.1964949308585857,-2.473920350902392
1.73,10.075875572604096,-1.31454938026327,-3.233065383549451
1.74,7.548198089878309,-0.8701685002205443,-4.190359460472582
1.75,9.863669362518381,-2.4375458216390946,-2.452426332231262
1.76,9.279706742787896,-2.0579490281855066,-3.822219202100116
1.77,10.445582901627875,-0.5066927796162359,-4.308977896940425
1.78,10.32057241320752,-2.206684874926804,-4.290391070546157
1.79,10.576036162367497,-2.798235400889161,-5.842882348669527
1.8,7.284755020610035,-2.3802018693756906,-4.22587384533648
1.81,11.02236888027576,-2.668822980078232,-5.38965371053113
1.82,9.133207180243769,-1.1271077703334782,-4.168371740161196
1.83,10.997489504658837,-3.2697975662985126,-3.7411254357605337
1.84,10.096464967207798,-2.2472585275291292,-3.3810662409973
1.85,9.371083435973132,-2.898669307555465,-4.669787810136355
1.86,9.777346304383622,-2.835103393366776,-4.904445854118179
1.87,9.143880356293451,-1.799612380764188,-6.089244456960978
1.8800000000000001,8.06804213687949,-3.0446684295456614,-5.848494203800776
1.8900000000000001,9.78375333489182,-2.5277450166702757,-6.088309085333286
1.9000000000000001,9.236150827158324,-3.201211296230711,-5.954749869170187
1.9100000000000001,8.760055761455842,-2.839765279802003,-7.13727355816288
1.92,9.4698380206848,-2.86338899559833,-6.779187616333088
1.93,9.494984552379973,-5.241627101454796,-7.341024050287033
1.94,9.23495257617761,-3.584438820348994,-8.215948857163138
1.95,8.985502780506774,-3.0718319254375306,-6.5670687339341365
1.96,10.236250520946399,-5.871692434113834,-6.947788136417495
1.97,8.852050484527034,-4.063260202250422,-7.032222562285561
1.98,7.017124303120964,-4.522399912604025,-6.688514338200465
1.99,10.23072636309124,-3.5417197221770853,-6.453775366286458
2.0,9.28447917493156,-4.214018095297709,-8.893312295226124
2.0100000000000002,10.55753501782505,-4.431159672387608,-7.851180521437723
2.02,10.021560202093704,-4.573228014997812,-6.278253774501067
2.0300000000000002,7.356015581510217,-3.696513577622585,-7.894097681246178
2.04,8.318638699410162,-5.005863187228841,-8.076122965010146
2.05,8.781634787812095,-4.368592820619917,-7.3934692007305625
2.06,8.935577287598075,-5.620434230506393,-7.406936819318163
2.07,10.65232067863322,-5.716439977659839,-7.982867365048561
2.08,10.517476425140089,-5.0341269263795825,-8.841248078793068
2.09,8.476577648319726,-5.202342164573119,-9.380709798598286
2.1,9.867338977032889,-4.113744149509535,-7.9243916779774395
2.11,8.723166756306664,-4.718254181847572,-8.066137368361627
2.12,10.14489621225324,-5.484951924032872,-8.99450298921095
2.13,7.756603133958503,-4.5496694796068375,-8.882876817706494
2.14,9.934531690221302,-5.486312189733227,-9.479679988135109
2.15,7.538996869659014,-4.298643439352254,-8.427487930505375
2.16,7.371993985611204,-4.950878069485954,-9.667332950846765
2.17,8.11696200756201,-5.6765914829691795,-8.330436624314999
2.18,8.910386468586752,-6.935368236240638,-8.741795265723942
2.19,7.721817476487567,-5.754540145919284,-10.161656862432624
2.2,8.283425906646453,-5.566317662354008,-11.12112386664393
2.21,6.606841079341753,-6.45833908281304,-9.53505421206996
2.22,7.15700476380141,-6.853117539030528,-10.793583363046533
2.23,8.126683300050573,-5.411380446716241,-10.353638397798056
2.24,8.854697181913135,-5.486579529467468,-9.525339538662173
2.25,9.418906748610917,-6.849437692980917,-10.454265709717593
2.2600000000000002,6.552727985184199,-8.742765174563655,-9.665536595319118
2.27,7.3123077722183725,-6.810785083817057,-8.682939264185357
2.2800000000000002,7.70194825885935,-7.207730872679207,-10.054197451204478
2.29,7.168861295494366,-5.717981354417684,-11.648300314317693
2.3000000000000003,6.200312640635905,-6.028981901129862,-9.688353785668077
2.31,8.201773624312125,-6.984597286998766,-11.010193991060056
2.32,7.674001057951293,-6.58196658772145,-9.573027471488162
2.33,6.669836824768356,-6.127328501704591,-10.518152633197545
2.34,8.812110802749608,-8.217855941692138,-11.025302851092814
2.35,5.440817212022885,-8.173205383758127,-10.738385616512751
2.36,6.499707303666398,-6.540705444397844,-10.126604173262411
2.37,6.904319005780295,-7.795039119768429,-9.104717154318479
2.38,6.635941121309866,-7.912836953141269,-12.104390354467327
2.39,6.527772147790029,-8.763544269591325,-10.879811529733956
2.4,5.5117731935182706,-5.481206298019394,-10.19829264698003
2.41,9.257736188819775,-7.419697561181347,-11.827277612087107
2.42,7.195387700672067,-7.345053711682453,-11.524660103815721
2.43,4.412720314171551,-9.631130801374649,-9.81838586712451
2.44,5.577044816192883,-7.884040729462532,-10.269604346747117
2.45,5.721416220217067,-8.40993040580799,-10.133193086186946
2.46,6.399367302494657,-8.70858667392094,-10.15879364404448
2.47,6.820385540718545,-8.15820032101352,-9.779145354255341
2.48,5.828156817673426,-8.68756294662848,-8.235835168950368
2.49,6.063927001651698,-8.300431535995473,-10.94778881765722
2.5,5.955716445487877,-9.557574051860811,-10.53391316259778
2.5100000000000002,7.329565693601195,-6.776657657643447,-10.418220628326598
2.52,5.375075610481165,-8.117606788009157,-9.962097367674634
2.5300000000000002,5.894782429569222,-9.08386593345692,-9.431039325498427
2.54,5.351197252357964,-7.563734055108052,-9.631474251724201
2.5500000000000003,4.1426430836531365,-9.136340633025709,-10.223413091551086
2.56,3.0215738529180487,-9.250050001469655,-7.518094718365644
2.57,3.7659899670918193,-8.09912614974676,-9.492867476883765
2.58,4.580375489994041,-11.885662463899566,-8.70260595085308
2.59,4.377102606138283,-6.879000416936704,-9.123576346180464
2.6,6.1716259710243175,-9.140805777223793,-9.632060332521455
2.61,4.335847357164823,-10.15694209356633,-8.984317653882682
2.62,3.839016860708667,-6.0343258023630195,-8.695849887053724
2.63,7.473455363613965,-9.146712357697956,-8.88859004618406
2.64,4.2769240807932505,-7.823302195443465,-8.729915489856301
2.65,5.805244286512034,-7.495756520486328,-8.572466545686332
2.66,4.396205869205858,-9.415238942763608,-6.83331054825784
2.67,3.6659322669249663,-8.295352812499633,-8.60355450532988
2.68,5.091528690991206,-9.246334060086802,-5.864068935044013
2.69,3.312650630345066,-8.946969216229684,-8.451613808110874
2.7,4.632645607842119,-8.661888293226767,-9.529067811986572
2.71,2.9951481545957765,-7.977926633515397,-5.575092785767398
2.72,3.898920817717903,-9.029038860798497,-6.399857385396341
2.73,3.9611679822703865,-8.802135411525242,-7.925762701422582
2.74,5.031175136274544,-10.029330518064203,-6.389559951783091
2.75,3.5591195546618555,-8.110122822612212,-7.538663709535662
2.7600000000000002,4.353887131057708,-8.785438590111436,-7.474111723819071
2.77,2.747649365827222,-8.964290003084143,-7.513800425748494
2.7800000000000002,4.719755219615192,-9.41493003492127,-6.570540937937989
2.79,3.712686469894809,-10.634490936413396,-5.034071847962352
2.8000000000000003,2.884016343046847,-9.724116633312022,-6.08034568305117
2.81,4.291700389234557,-9.035381304844277,-5.500030990629517
2.82,3.9893544090636066,-9.80624356044746,-6.567842850905396
2.83,0.901633678946546,-9.969277031225442,-5.2537324776981285
2.84,2.4645574361131475,-7.747601596076392,-6.743309283630355
2.85,3.1439861326275906,-10.098045896508214,-5.494447573943
2.86,2.582425967009936,-9.524061189593466,-5.787433178567148
2.87,1.3738243752548314,-9.766741483465454,-4.402511511286282
2.88,2.437726122857103,-8.412900262068957,-4.592042097879949
2.89,2.6585678447142187,-10.163164823284271,-5.279959259069537
2.9,1.666190789347124,-10.050053051544289,-4.362161249792871
2.91,1.875967057310653,-9.99388220618883,-4.615655514628021
2.92,0.1524973698337848,-10.288389222190954,-6.375159514813179
2.93,2.669390664922153,-9.764588734201961,-3.617094867731072
2.94,3.5504094233349894,-9.08432944209219,-3.6215120182142746
2.95,2.158538397602325,-9.09123273906337,-5.26860638417514
2.96,0.24319219381695345,-10.08164852518484,-3.5069484527890804
2.97,1.6607824366000967,-10.132723882545674,-3.36685922236631
2.98,2.7091957062321166,-11.215646204690406,-3.286410145018598
2.99,2.2897923249756507,-9.02440629599337,-4.055209426826805
3.0,1.447044686877942,-9.440502867087805,-9.8
3.0100000000000002,1.7871128433381602,-9.189179210220022,-9.8
3.02,-0.49283106761906814,-9.553262680882181,-9.8
3.0300000000000002,1.213819530211246,-9.742033370808956,-9.8
3.04,1.9846047522636183,-11.270511932310141,-9.8
3.0500000000000003,2.762848135481926,-10.227891922946897,-9.8
3.06,-0.8713341224261324,-9.621335487107519,-9.8
3.0700000000000003,-0.2691246054345985,-9.271088894945628,-9.8
3.08,1.4489889537437026,-8.66742029861252,-9.8
3.09,1.0964393936669332,-8.816974901374671,-9.8
3.1,1.0819157594312179,-11.858122921692749,-9.8
3.11,1.237944288622895,-9.980588021888568,-9.8
3.12,-0.6148202066674268,-8.799032932716722,-9.8
3.13,-0.6106040408984246,-12.278205565717943,-9.8
3.14,0.37283142725865437,-8.126034861615945,-9.8
3.15,0.027012032928241433,-10.779172767257354,-9.8
3.16,-0.8083048844798879,-9.808121150866386,-9.8
3.17,0.7439455583829009,-8.347521208100972,-9.8
3.18,-1.3455789789497188,-8.621117111501492,-9.8
3.19,-1.3681187687427934,-10.422210614466865,-9.8
3.2,-1.0216904980405346,-9.774400478489259,-9.8
3.21,-1.5550156819636816,-8.679699327045759,-9.8
3.22,-2.715517746435768,-7.370540491733431,-9.8
3.23,-0.7786594360320487,-9.524528484636726,-9.8
3.24,-0.4486565371654825,-8.52629301476754,-9.8
3.25,-1.7008462897877603,-9.802390938595407,-9.8
3.2600000000000002,-1.4547111632654748,-10.63674508277344,-9.8
3.27,-0.7439455530458113,-10.640716622183716,-9.8
3.2800000000000002,-2.0990762783277455,-11.358149962527602,-9.8
3.29,-0.3468870009901903,-9.657338755943673,-9.8
3.3000000000000003,-2.249344066298508,-9.521507108375356,-9.8
3.31,-0.7260306310353433,-10.970639292196854,-9.8
3.3200000000000003,-2.7057655331724257,-9.56700111944452,-9.8
3.33,-1.6496759427788386,-10.102460906445303,-9.8
3.34,-3.837548227694751,-9.174133956511659,-9.8
3.35,-2.297779621706935,-10.134343290919459,-9.8
3.36,-2.4002469437001426,-7.838777620872188,-9.8
3.37,-3.2594400712446556,-9.435555808286722,-9.8
3.38,-1.9096943045689594,-8.410822892655588,-9.8
3.39,-2.1542632413248723,-7.178567292362159,-9.8
3.4,-1.8422199845998213,-9.148079843071148,-9.8
3.41,-4.5844276158454464,-10.713214425155813,-9.8
3.42,-2.1389058212370995,-9.090368313606875,-9.8
3.43,-2.117040355595841,-8.836442456792348,-9.8
3.44,-4.002739740526253,-10.40880672009985,-9.8
3.45,-3.5932224743456915,-8.642716841928998,-9.8
3.46,-2.0899882371555334,-10.451964854003789,-9.8
3.47,-3.1067027311449817,-10.592025003041556,-9.8
3.48,-3.497226626927245,-7.312620679813845,-9.8
3.49,-3.6246063756207976,-7.683549996463631,-9.8
3.5,-0.9322471612627847,-8.381280247453141,-9.8
3.5100000000000002,-2.564520394586432,-9.053850585026439,-9.8
3.52,-3.732433606389307,-8.120614128836952,-9.8
3.5300000000000002,-4.030348274911214,-9.813387213663749,-9.8
3.54,-4.007766353472127,-10.96556109286544,-9.8
3.5500000000000003,-3.070048834522477,-10.404481885921602,-9.8
3.56,-3.38288689763266,-11.489256103743053,-9.8
3.5700000000000003,-6.929788325552984,-8.348305992578974,-9.8
3.58,-5.790141103408786,-8.171170551269363,-9.8
3.59,-3.9620458760897597,-7.866328641378194,-9.8
3.6,-5.229345913674969,-8.82338184344916,-9.8
3.61,-5.638557978546861,-8.233877395931831,-9.8
3.62,-5.71705333534288,-10.154302938450734,-9.8
3.63,-2.901915648743453,-7.604461746303045,-9.8
3.64,-5.2029118289716445,-7.6268100099560066,-9.8
3.65,-5.311172731240501,-8.669320155600445,-9.8
3.66,-5.53031221777704,-9.261122583059054,-9.8
3.67,-4.558999499894361,-9.12096092595941,-9.8
3.68,-4.607004728411306,-7.734805298677345,-9.8
3.69,-6.4695989950391946,-7.27782750198234,-9.8
3.7,-2.8988331622329935,-7.0390591042694695,-9.8
3.71,-4.595088174335958,-6.489754804215697,-9.8
3.72,-5.477727041035911,-8.541684406224313,-9.8
3.73,-4.676169366254804,-7.408015313431244,-9.8
3.74,-6.191565997401233,-8.350340211319327,-9.8
3.75,-4.7111874544739605,-7.168792665938996,-9.8
3.7600000000000002,-6.13042740241814,-7.8865110697112035,-9.8
3.77,-6.457191107875309,-8.430944420875779,-9.8
3.7800000000000002,-6.317283427230981,-7.927010460348058,-9.8
3.79,-8.440434765542776,-7.645345732368317,-9.8
3.8000000000000003,-7.87495041683678,-9.010490447256105,-9.8
3.81,-6.0896059278718,-7.91512293129488,-9.8
3.8200000000000003,-5.531224958813973,-8.282871882257169,-9.8
3.83,-7.255503790431768,-8.030712511032283,-9.8
3.84,-7.385689931208107,-9.989213266662336,-9.8
3.85,-7.330973753038179,-6.967050114828258,-9.8
3.86,-5.563524311767381,-7.914639778185692,-9.8
3.87,-6.4362868153313535,-9.56155417602689,-9.8
3.88,-9.556823679263154,-6.720941820689985,-9.8
3.89,-6.400539166797793,-7.3370428072840905,-9.8
3.9,-6.096102123058302,-7.619668813472597,-9.8
3.91,-7.550037047653926,-7.910743599407936,-9.8
3.92,-7.197866264171328,-9.127371937426656,-9.8
3.93,-7.259346237458881,-7.594914501503962,-9.8
3.94,-8.346883977495985,-6.955416259805743,-9.8
3.95,-5.650072071735881,-8.215962505850793,-9.8
3.96,-7.84906410247299,-5.9680010671380295,-9.8
3.97,-5.676516609702313,-6.4938498748514215,-9.8
3.98,-8.466381533217897,-7.304849453859553,-9.8
3.99,-7.038506586801155,-6.925183408832309,-9.8
4.0,-7.724282079576183,-7.494229149169193,-9.8
4.01,-6.981156472662911,-6.193190937786389,-9.8
4.0200000000000005,-6.820852396842958,-7.498590699631933,-9.8
4.03,-7.706401567497566,-7.763619196106328,-9.8
4.04,-8.247928710783336,-6.01438488510573,-9.8
4.05,-8.474166707142048,-6.865425820752177,-9.8
4.0600000000000005,-8.232766058102818,-6.512462901906346,-9.8
4.07,-8.993189203537346,-7.332431647724578,-9.8
4.08,-9.412392821730272,-4.93267607308979,-9.8
4.09,-8.772805159185998,-6.681293363636115,-9.8
4.1,-7.274208704081711,-4.874579602441612,-9.8
4.11,-6.9176768833924065,-6.504127480924534,-9.8
4.12,-7.8886583213611505,-7.332023591006944,-9.8
4.13,-7.816687818607681,-5.861396116603956,-9.8
4.14,-9.111078629177166,-4.3745152369409075,-9.8
4.15,-7.947219625709295,-6.083073054267828,-9.8
4.16,-7.927075330667582,-4.512403204304572,-9.8
4.17,-8.025815308751712,-4.600895221253564,-9.8
4.18,-8.220488363415958,-6.442728126701438,-9.8
4.19,-10.461230526444236,-4.1116302860428195,-9.8
4.2,-9.811827008487183,-6.187752852430236,-20.0
4.21,-7.948256562334377,-5.656252389323051,-20.0
4.22,-10.0725921322487,-5.5110626486701655,-20.0
4.23,-9.378200277975637,-5.225148602105876,-20.0
4.24,-8.725078738932105,-3.661125985245727,-20.0
4.25,-10.504514990550872,-4.161242523954753,-20.0
4.26,-7.916226092902626,-2.9139746245635534,-20.0
4.2700000000000005,-9.839408472616556,-5.600196331623698,-20.0
4.28,-10.515626434807197,-1.986489830240953,-20.0
4.29,-11.884444055080222,-5.264538215706872,-20.0
4.3,-10.261480719880012,-5.704274034430943,-20.0
4.3100000000000005,-10.40854652841837,-5.520937088421692,-20.0
4.32,-9.137551829273011,-3.013569003497738,-20.0
4.33,-10.796618911089897,-2.502344911985661,-20.0
4.34,-7.694842295916327,-3.3163630612174337,-20.0
4.3500000000000005,-7.088264052624563,-2.930205759973116,-20.0
4.36,-8.439057334746412,-3.721173578145576,-20.0
4.37,-10.280468295243905,-4.297594172069062,-20.0
4.38,-8.631222974438522,-3.409561331035223,-20.0
4.39,-9.509993817843586,-3.785918516315844,-20.0
4.4,-9.89457566411736,-2.9443668826984393,-20.0
4.41,-9.542516189490883,-2.2189118660785634,-20.0
4.42,-9.439441254855296,-4.184220022447448,-20.0
4.43,-10.130406086958558,-3.818082394479024,-20.0
4.44,-11.588394248192671,-2.4394120491663136,-20.0
4.45,-11.676451020247965,-3.1740462998696,-20.0
4.46,-10.363050137118318,-1.7930514187334796,-20.0
4.47,-8.477564781719565,-1.7837128715573969,-20.0
4.48,-9.987293804702915,-2.3306157269794197,-20.0
4.49,-10.124056850201681,-2.1896875856321474,-20.0
4.5,-8.220872027120986,-0.21427100146649347,-20.0
4.51,-11.156707230398478,-0.7820944197279978,-20.0
4.5200000000000005,-10.64743379082584,0.9539381150039461,-20.0
4.53,-9.486053265911986,-0.09517365345666384,-20.0
4.54,-9.79450666147931,-2.449846206026255,-20.0
4.55,-8.38138129331383,-0.8187794076588006,-20.0
4.5600000000000005,-9.708124690804308,0.9722540468756269,-20.0
4.57,-10.816329157435502,-0.140313681222751,-20.0
4.58,-8.903739626608381,-0.862008142039548,-20.0
4.59,-10.752146427889219,-1.1590906822340004,-20.0
4.6000000000000005,-10.940189898165627,-0.7333713756868312,-20.0
4.61,-9.963319430462125,-1.0336931242623333,-20.0
4.62,-9.366061032663335,-1.0092653474562292,-20.0
4.63,-11.603233030277453,-1.188749301871068,-20.0
4.64,-11.493708271535759,0.0807651022500413,-20.0
4.65,-9.533837616309661,0.009611100716149124,-20.0
4.66,-11.406023159944553,-0.5444835049882097,-20.0
4.67,-9.601729122889108,-0.21639077273257035,-20.0
4.68,-10.540375701287418,0.5360515100103429,-20.0
4.69,-10.5560444450548,1.5170626375748708,-20.0
4.7,-9.65807399334001,-1.4147997659132772,-20.0
4.71,-10.071349592001358,-1.5476243985237064,-20.0
4.72,-10.422866989182562,-0.7823097983236433,-20.0
4.73,-10.87973379303411,-0.707030630696647,-20.0
4.74,-8.259850773719611,-1.0235876072265206,-20.0
4.75,-10.947701509994207,0.04334795156920834,-20.0
4.76,-7.6959810178740415,0.45331637741835185,-20.0
4.7700000000000005,-9.291748841163407,-0.2977729506011535,-20.0
4.78,-9.801993177601311,0.4486479719922587,-20.0
4.79,-9.228031783468927,1.3564268925075638,-20.0
4.8,-8.327799162121618,-0.1382851563330647,-20.0
4.8100000000000005,-10.567429032882089,-0.4143453172156022,-20.0
4.82,-9.315911286490831,1.7903746043349635,-20.0
4.83,-9.926174898476027,2.171663035206757,-20.0
4.84,-10.982177516416945,3.3557355631558616,-20.0
4.8500000000000005,-10.862929061981061,2.0883232038576125,-20.0
4.86,-8.89073244686127,3.6340862466768344,-20.0
4.87,-9.763488134715848,2.381030158005411,-20.0
4.88,-9.213659797637568,1.093211551267391,-20.0
4.89,-11.61625981528077,1.926960429541916,-20.0
4.9,-8.99995841878005,1.1349005220184507,-20.0
4.91,-11.524377119765678,-0.4089293530871012,-20.0
4.92,-10.842558196899745,2.7016743925290565,-20.0
4.93,-9.825055842074887,0.7028691120587027,-20.0
4.94,-11.445068661951318,0.7953192580671733,-20.0
4.95,-8.251762706161424,2.266459430259452,-20.0
4.96,-10.047271440170805,1.4120877258784073,-20.0
4.97,-10.74552755873534,1.8363329718694996,-20.0
4.98,-12.203780338417406,3.3541321451924415,-20.0
4.99,-10.158117919539691,3.126284485414927,-20.0
5.0,-8.45299465795343,3.493668753541858,-20.0
5.01,-9.2040885271164,2.1028949040139295,-20.0
5.0200000000000005,-10.078708940947712,3.0721000934780363,-20.0
5.03,-9.16548491480119,2.9960372346983206,-20.0
5.04,-11.204666592353629,3.154561315685832,-20.0
5.05,-9.25286660712012,2.959575160719123,-20.0
5.0600000000000005,-8.34573846631556,2.8977457467087655,-20.0
5.07,-10.28365822995265,3.887885703597824,-20.0
5.08,-7.484092320889871,4.366256221472027,-20.0
5.09,-10.180876073048427,2.9415367521364626,-20.0
5.1000000000000005,-8.413759853394563,3.652550947606723,-20.0
5.11,-10.057258079174106,3.785289572190873,-20.0
5.12,-9.262210688037873,3.435909247170341,-20.0
5.13,-10.08155353663163,3.475779222512085,-20.0
5.14,-9.432651307637125,3.8603344059989304,-20.0
5.15,-10.717328044568843,4.072563874002261,-20.0
5.16,-8.950673312552835,4.019185840355426,-20.0
5.17,-7.476258449211329,3.4609075137122978,-20.0
5.18,-8.461064380733008,3.8872649943575825,-20.0
5.19,-8.792908252864631,5.314447491086955,-20.0
5.2,-7.880150398554433,5.22070603789157,-20.0
5.21,-8.600523050797321,3.969806884840928,-20.0
5.22,-8.240261458752094,4.591353110178164,-20.0
5.23,-8.22963492663979,4.937827175387565,-20.0
5.24,-6.623594119358017,4.847330121978312,-20.0
5.25,-6.718148864224218,4.284148650155997,-20.0
5.26,-6.445870124002891,7.748396999454212,-20.0
5.2700000000000005,-10.490351219591982,5.341249259854834,-20.0
5.28,-7.868240313322703,5.954163963446101,-20.0
5.29,-9.375109953887263,7.340793947574145,-20.0
5.3,-7.355215229937982,4.725718112423204,-20.0
5.3100000000000005,-7.4651143393630965,5.728151569350745,-20.0
5.32,-8.423058289108768,8.214594486867783,-20.0
5.33,-8.623976415746975,5.2195202352989964,-20.0
5.34,-7.635664307220058,5.177824163210095,-20.0
5.3500000000000005,-8.277289078028602,5.2893901137861015,-20.0
5.36,-8.989064316668246,5.302951481432174,-20.0
5.37,-8.053412502481962,7.228230974569348,-20.0
5.38,-10.792837680080497,5.968395746569103,-20.0
5.39,-7.223005343012816,5.822272951660281,-20.0
5.4,-8.102227540224131,7.209333840094381,-20.0
5.41,-6.737742194926582,7.050312645352618,-20.0
5.42,-7.499664484379355,7.049212292237971,-20.0
5.43,-7.1477398994658055,4.024538310763834,-20.0
5.44,-8.297007145287994,7.247772888358039,-20.0
5.45,-8.336971980739971,6.607759108038745,-20.0
5.46,-7.755582937980189,7.839847856784361,-20.0
5.47,-6.573386483039307,6.246550269988768,-20.0
5.48,-5.3361527200349315,7.042532103407288,-20.0
5.49,-6.023328238103954,8.51865558108788,-20.0
5.5,-7.002255219499159,6.124587639952682,-20.0
5.51,-7.2875500288047395,9.212145255511615,-20.0
5.5200000000000005,-7.11439433671192,7.483016156885846,-20.0
5.53,-7.654346979330547,5.415360629221909,-20.0
5.54,-6.251909844606186,7.2183429657145854,-20.0
5.55,-5.157685344468369,6.383427567170869,-20.0
5.5600000000000005,-7.1122324520808,7.2000043008612895,-20.0
5.57,-5.545313778472647,7.130742104105967,-20.0
5.58,-6.028822288088589,8.330432568031249,-20.0
5.59,-6.2565343670343125,6.705174957620652,-20.0
5.6000000000000005,-8.131679552696587,7.031180029920898,-20.0
5.61,-8.221884579799097,7.162230863695269,-20.0
5.62,-5.2085514911906445,9.00434441493401,-20.0
5.63,-7.2090782093252885,7.756774996643294,-20.0
5.64,-7.398636773173866,8.141709769424974,-20.0
5.65,-5.210527518230772,6.524306586382445,-20.0
5.66,-7.184867626375599,6.30501799191683,-20.0
5.67,-5.572445915250424,7.62251540860227,-20.0
5.68,-5.6229704583773525,10.029822662773453,-20.0
5.69,-6.006612111509633,9.21123155459859,-20.0
5.7,-5.947820785238101,10.659246357611902,-20.0
5.71,-5.8757496207544415,9.858661059198809,-20.0
5.72,-4.973128029577538,8.04219083752281,-20.0
5.73,-6.168270239608549,8.54806587998917,-20.0
5.74,-5.074606459981515,7.296641489539998,-20.0
5.75,-5.842669757920935,10.121188045406381,-20.0
5.76,-6.011301769317498,10.094946265682006,-20.0
5.7700000000000005,-4.992832445910171,7.701907957269713,-20.0
5.78,-4.283947100403784,9.070045455605797,-20.0
5.79,-4.773037044249373,10.95900410534336,-20.0
5.8,-6.240615579410966,9.709748450997253,-20.0
5.8100000000000005,-6.1482471159929535,9.788105498772637,-20.0
5.82,-3.9660163649054394,9.543620081558212,-20.0
5.83,-4.82697692053538,8.532609988858658,-20.0
5.84,-6.080541789343116,8.308779466609165,-20.0
5.8500000000000005,-3.9962653728579816,8.999258569770987,-20.0
5.86,-5.210938687266789,8.823093505526,-20.0
5.87,-3.322898636709528,8.696779729684122,-20.0
5.88,-4.553678502362905,8.90076005113562,-20.0
5.89,-4.128811840585084,10.446883210247998,-20.0
5.9,-1.6737457546046892,8.5885962194354,-20.0
5.91,-4.467551837589583,9.845904922744092,-20.0
5.92,-3.743068610763657,9.322007366012912,-20.0
5.93,-3.2587242750714434,10.224692429629451,-20.0
5.94,-4.166576010755742,9.894192936681932,-20.0
5.95,-3.5080121835488898,10.523711400783167,-20.0
5.96,-4.066638123947594,9.780355987723219,-20.0
5.97,-2.849461917918421,7.343463549137528,-20.0
5.98,-1.5478477826492267,8.618073806878167,-20.0
5.99,-2.0218126454060594,9.993718754350287,-20.0
6.0,-1.8544249690871792,9.840150394688447,-20.0
6.01,-0.9909611596834049,10.368885241357017,-20.0
6.0200000000000005,-1.630462617242863,9.513417232905809,-20.0
6.03,-3.076617357645171,12.056437403165422,-20.0
6.04,-1.156470608713839,9.770506883383424,-20.0
6.05,-4.170653967463306,10.200909544860552,-20.0
6.0600000000000005,-1.1148406251857674,9.766836885367088,-20.0
6.07,-1.6946247279933817,10.597158138623598,-20.0
6.08,-0.7922831829907511,9.863066222180443,-20.0
6.09,-1.428006209671578,9.807427077189542,-20.0
6.1000000000000005,-1.6024888707584148,10.432744495878765,-20.0
6.11,-2.5967647736367376,9.162688097415563,-20.0
6.12,-2.9448086319695324,9.73897212443278,-20.0
6.13,-1.8119840799582807,11.136441772973138,-20.0
6.140000000000001,0.3405372405275007,10.637215293488387,-20.0
6.15,-0.9919988362216327,10.712371173671196,-20.0
6.16,0.8006294299213528,10.617154045739902,-20.0
6.17,-1.8721868015520562,9.46670824448834,-20.0
6.18,-0.290849129955178,9.267113889608357,-20.0
6.19,-0.3507254799504663,8.453825991003859,-20.0
6.2,-0.9161540668855274,10.421119829880194,-20.0
6.21,-2.205767345132146,8.547824154860361,-20.0
6.22,0.7998613666758746,7.4443886391515655,-20.0
6.23,-0.6427884547421366,8.47455799369501,-20.0
6.24,0.023014288031929342,10.834635716870514,-20.0
6.25,0.6446168007896544,8.885669296440804,-20.0
6.26,-1.5691051306810249,9.97781709615114,-20.0
6.2700000000000005,-0.32878902065385324,10.360761128267386,-20.0
6.28,-0.6784062633730759,9.963419715879342,-20.0
6.29,-0.5051440084979543,8.811736750458369,-20.0
6.3,0.9132590626400441,9.788234960750225,-20.0
6.3100000000000005,0.8339541057304465,9.134308078037698,-20.0
6.32,0.6468992929274151,10.216252621480239,-20.0
6.33,0.7263254157578167,10.735351662098616,-20.0
6.34,0.003098498544129469,10.437871387273638,-20.0
6.3500000000000005,-1.0286797505435483,11.908367644964354,-20.0
6.36,0.2682370488035968,9.586050091866957,-20.0
6.37,0.18187645459217205,9.600634529569806,-20.0
6.38,0.3107538729772865,9.087393519134004,-20.0
6.390000000000001,0.6500835355837609,10.440018398583572,-20.0
6.4,1.6312815965078962,10.187578819031248,-20.0
6.41,1.0809439559375418,10.706222173798313,-20.0
6.42,1.2156957543905096,8.991581682655308,-20.0
6.43,2.4894600135659846,10.723913531640349,-20.0
6.44,1.123887915067538,11.017400318398654,-20.0
6.45,1.3058333856899904,10.80876397381685,-20.0
6.46,1.8040451227954875,10.665617745592327,-20.0
6.47,-0.10863518853737864,10.318578394014898,-20.0
6.48,1.3225376588268012,10.85195853415896,-20.0
6.49,2.3780093470334873,10.57909541065459,-20.0
6.5,2.2963072129257016,9.94717079285672,-20.0
6.51,0.3927239437883385,8.795082133200621,-20.0
6.5200000000000005,3.316754191605714,11.63716435511864,-20.0
6.53,0.8658526133627267,8.815165136597097,-20.0
6.54,1.8633164978904873,11.246500046174932,-20.0
6.55,2.428499907503768,10.158805396646935,-20.0
6.5600000000000005,2.538440639897478,8.754518060975593,-20.0
6.57,1.5065508080165355,9.744390185333478,-20.0
6.58,2.267620772024684,9.901126514566538,-20.0
6.59,4.3621925143514355,9.39181787938168,-20.0
6.6000000000000005,2.734896965561031,8.943830273170338,-2.0
6.61,3.3343600283111163,9.697599908876153,-2.0
6.62,2.6469729676857905,10.935510173548202,-2.0
6.63,2.6462072332787385,11.391640482279506,-2.0
6.640000000000001,3.3853544152393966,10.431209468579766,-2.0
6.65,2.8541648795914347,9.49049904970534,-2.0
6.66,4.76838598365647,11.639135283747184,-2.0
6.67,2.0747023604362553,7.669855537617335,-2.0
6.68,4.202796113133086,8.673974643216615,-2.0
6.69,5.5821886317603475,8.780327624352775,-2.0
6.7,5.498076963717999,10.753140327384084,-2.0
6.71,5.439151033443024,10.29263302982772,-2.0
6.72,2.5250003751271617,10.79772785512397,-2.0
6.73,4.713101562844266,10.10778914756096,-2.0
6.74,3.495162379771894,10.274906878308787,-2.0
6.75,4.083877419818855,8.256362723620395,-2.0
6.76,3.563535808252385,8.637141497958611,-2.0
6.7700000000000005,3.6359625077924886,8.125528665889533,-2.0
6.78,5.069935705107895,9.988306470584286,-2.0
6.79,4.9321075883607906,8.415157613722206,-2.0
6.8,5.933703596632631,10.009071698101806,-2.0
6.8100000000000005,3.2542640672313468,9.434167359323187,-2.0
6.82,3.973526053488756,10.277330355696275,-2.0
6.83,6.141360062705463,8.376186875347855,-2.0
6.84,4.247520953664593,9.511200669864472,-2.0
6.8500000000000005,4.599962900211696,8.610512996993632,-2.0
6.86,4.4093166207452175,8.84780630432872,-2.0
6.87,4.260009027353293,8.580829441102507,-2.0
6.88,5.8402096590995445,6.5960678468925416,-2.0
6.890000000000001,5.643577498324374,8.249533044710924,-2.0
6.9,5.380738444344831,7.641059579631402,-2.0
6.91,6.6647994243989634,9.772642989944941,-2.0
6.92,5.07780906272018,6.714683457006763,-2.0
6.93,6.109157555703253,6.809794517068779,-2.0
6.94,7.2864444548766425,7.771116440723036,-2.0
6.95,5.775400969294544,7.910458639956159,-2.0
6.96,6.372187022941807,8.269890314656639,-2.0
6.97,6.87994859852199,7.154970054395512,-2.0
6.98,8.89913908519401,7.819954354099867,-2.0
6.99,6.429786713833989,7.799171908002516,-2.0
7.0,7.7932913121440395,7.75517582769624,-2.0
7.01,7.919631546004236,7.275626607473859,-2.0
7.0200000000000005,5.453590358243238,6.484754998378549,-2.0
7.03,7.003448553639915,8.455741855250864,-2.0
7.04,6.873285270114026,6.6185147668272615,-2.0
7.05,6.513641040674104,6.626843293694892,-2.0
7.0600000000000005,5.216107484023673,8.150469203378451,-2.0
7.07,8.085202786519954,5.10894511022057,-2.0
7.08,6.957861182059659,7.342197080138732,-2.0
7.09,6.508129754900242,8.093230947536034,-2.0
7.1000000000000005,7.807598744876298,8.883197298368113,-2.0
7.11,6.4993867989259755,6.535472457673591,-2.0
7.12,10.635653193737344,5.185729543163803,-2.0
7.13,9.0241334353657,6.7251087660565965,-2.0
7.140000000000001,8.240242295175925,6.57941154014878,-2.0
7.15,8.152500472009336,8.478885414223717,-2.0
7.16,7.691626122553043,6.863872603100652,-2.0
7.17,6.816855656239569,6.739090335954214,-2.0
7.18,7.951757929523883,5.376236932045642,-2.0
7.19,7.972204003710177,7.27917543975814,-2.0
7.2,8.442386797495924,6.059035195521102,-2.0
7.21,8.093354032885395,6.324392594374718,-2.0
7.22,7.237817574013853,7.588059679718572,-2.0
7.23,9.326245436406959,6.685813890652501,-2.0
7.24,9.02490484554091,4.325147899716104,-2.0
7.25,8.614373229572164,6.4407066180658115,-2.0
7.26,7.533523639592778,5.28871037588302,-2.0
7.2700000000000005,9.718374278769797,7.2494631898638096,-2.0
7.28,7.234317254494238,4.762825155166326,-2.0
7.29,6.608467395767053,4.765490313799786,-2.0
7.3,8.114092382362827,4.4899418250515435,-2.0
7.3100000000000005,7.246106908984801,3.4922482064447555,-2.0
7.32,9.31996041299824,5.314470082584488,-2.0
7.33,8.812070776330941,4.947720659891076,-2.0
7.34,7.565008915685073,6.630846965883577,-2.0
7.3500000000000005,10.080075898320803,6.93621210856994,-2.0
7.36,9.749427814846479,4.4836796843767734,-2.0
7.37,8.334987325446338,5.501893352888414,-2.0
7.38,9.875994409846175,4.629017891128568,-2.0
7.390000000000001,10.008779962932037,5.053795113487047,-2.0
7.4,9.721443920608474,4.029541952584417,-2.0
7.41,9.146899741856162,4.449334745820696,-2.0
7.42,8.75581323279112,4.604193629189096,-2.0
7.43,7.019015156465896,3.505305406868527,-2.0
7.44,9.676329478486412,3.0966490803112663,-2.0
7.45,10.08289710785373,5.896625563405506,-2.0
7.46,9.0795905036736,4.482788332189276,-2.0
7.47,10.278800481813146,4.005231080277369,-2.0
7.48,10.479042471549722,2.218869508627516,-2.0
7.49,10.586471553775652,0.6657554431827797,-2.0
7.5,7.220987437568686,4.130362119338011,-2.0
7.51,8.427421969821124,3.91041719820992,-2.0
7.5200000000000005,10.383761314087991,1.8423413475677348,-2.0
7.53,10.127527382567472,1.9582835769260252,-2.0
7.54,9.640391823387743,3.718813475781175,-2.0
7.55,8.453345453436944,3.8168197489307745,-2.0
7.5600000000000005,10.198052860526728,3.327899057400215,-2.0
7.57,11.969530366627831,2.8837178442062688,-2.0
7.58,8.111449919042649,4.0681370358403175,-2.0
7.59,8.091310832647393,2.963811682958952,-2.0
7.6000000000000005,10.353516423448157,3.006570900640431,-2.0
7.61,10.27603810670498,2.531981890415688,-2.0
7.62,8.916892275829893,2.498666521202166,-2.0
7.63,10.705801578132732,3.744146392562285,-2.0
7.640000000000001,10.327948276389984,3.166164286283056,-2.0
7.65,11.984790972935345,3.819861554403451,-2.0
7.66,8.997488575589621,2.0321234444127385,-2.0
7.67,9.54712182870632,1.376455659358533,-2.0
7.68,9.20376411292198,2.202356906716997,-2.0
7.69,10.361756817524718,0.27699203926513083,-2.0
7.7,11.093016372563213,0.7607907120357522,-2.0
7.71,9.611234817867041,0.8102965235058304,-2.0
7.72,9.129008481743508,0.8720179811189555,-2.0
7.73,9.337161159985264,0.9468376095404847,-2.0
7.74,9.059480556819665,2.109488255332374,-2.0
7.75,11.863371852425503,3.3185497330750238,-2.0
7.76,10.28596356194406,-0.019371958253059707,-2.0
7.7700000000000005,10.548683294203155,1.6724598234884973,-2.0
7.78,8.760940025900943,-0.6966273543368404,-2.0
7.79,9.658633210597616,0.053994075830192,-2.0
7.8,8.919198950661524,2.3083656119424685,-2.0
7.8100000000000005,8.663181077345655,0.5037963352511152,-2.0
7.82,11.181026359027138,-0.4326989925790015,-2.0
7.83,10.03993223617814,0.30431823232017124,-2.0
7.84,9.901166672239693,-1.2890402099206772,-2.0
7.8500000000000005,7.5494981938756975,1.0809155455560089,-2.0
7.86,10.667965956455884,1.930624535446629,-2.0
7.87,10.557510487303304,0.8731447371632147,-2.0
7.88,10.356438192285676,0.8455159846532103,-2.0
7.890000000000001,11.034057679968438,-0.7917299418551932,-2.0
7.9,9.77043051538819,2.330874786786087,-2.0
7.91,9.219406803026793,-0.2760181442985639,-2.0
7.92,9.821186693305355,-0.49510721945243874,-2.0
7.930000000000001,8.563196737905564,-0.8252069373013078,-2.0
7.94,10.369484178691154,-0.967251887094158,-2.0
7.95,9.92334562491101,-1.5582057250483747,-2.0
7.96,9.928683819475463,-1.9943737806132196,-2.0
7.97,11.433970818036642,-2.274273967318239,-2.0
7.98,8.597930088650433,-0.8352772541318594,-2.0
7.99,10.501940421095183,-0.39503547598993816,-2.0
8.0,8.481085005002576,-2.157810529757095,-2.0
8.01,10.485771798743617,-0.884361183340646,-2.0
8.02,9.33133970863594,-1.3290986548901864,-2.0
8.03,9.799940901892603,-1.4811758558554082,-2.0
8.040000000000001,9.517609945123976,-0.042258585954535244,-2.0
8.05,8.324930375626906,-4.290138741417255,-2.0
8.06,9.939377198280095,-2.0847843741318624,-2.0
8.07,9.409865479353659,-3.624482532568954,-2.0
8.08,8.990340046143027,-1.3998566566017607,-2.0
8.09,11.386031037140649,-1.7906941617388576,-2.0
8.1,9.049699912627508,-1.6741704875338275,-2.0
8.11,9.305678127715854,-3.0933564570521392,-2.0
8.120000000000001,8.70111215312009,-3.9505153298566302,-2.0
8.13,9.098333408975787,-3.715906837984913,-2.0
8.14,8.582385853326242,-3.454752484277771,-2.0
8.15,8.095723416431463,-3.513845468521771,-2.0
8.16,10.475106324082422,-2.9963701226789676,-2.0
8.17,9.607607868757805,-2.5736232147148086,-2.0
8.18,9.307363016860123,-1.9416701684073454,-2.0
8.19,8.737343028264078,-4.0246492602677515,-2.0
8.2,10.776354372631696,-4.309085409125493,-2.0
8.21,10.363111265584294,-2.824937743132466,-2.0
8.22,10.151135311799425,-3.6579427693091136,-2.0
8.23,9.713931996557106,-3.084479981153053,-2.0
8.24,8.116422014323328,-3.030009644936671,-2.0
8.25,6.9129840555903,-3.0894808141838537,-2.0
8.26,11.555581765852917,-2.933942321433605,-2.0
8.27,9.987959760220695,-4.267517377197042,-2.0
8.28,8.252131504632478,-5.492830987798874,-2.0
8.290000000000001,9.098774788257236,-3.4253912485376397,-2.0
8.3,7.44959253375405,-3.8781061736992792,-2.0
8.31,10.152990640321235,-5.041070525880968,-2.0
8.32,8.80300334044038,-4.259668775514445,-2.0
8.33,8.039984046351044,-5.545686180809798,-2.0
8.34,7.920316693732783,-4.642657464000073,-2.0
8.35,7.825617648944039,-2.4206783098747917,-2.0
8.36,8.32800123041432,-5.246039402240296,-2.0
8.370000000000001,8.22535441932342,-5.994961078150489,-2.0
8.38,7.282231653419267,-5.592969645081851,-2.0
8.39,10.084384348831913,-5.214664077412224,-2.0
8.4,8.301274326949969,-5.767191278301164,-2.0
8.41,7.2661175918474115,-3.759035024991861,-2.0
8.42,9.103844463665,-5.328836408044429,-2.0
8.43,7.492509254149634,-5.568755495800195,-2.0
8.44,6.888808835467879,-5.848653692043275,-2.0
8.45,7.559185377267807,-5.352319311605102,-2.0
8.46,7.384964693435655,-5.560366951540664,-2.0
8.47,6.626960409452068,-5.617106739536745,-2.0
8.48,9.88159264023074,-6.988570644750237,-2.0
8.49,7.288850326959542,-6.584715057587606,-2.0
8.5,8.399874064213257,-3.96294831853386,-2.0
8.51,8.240537316803156,-5.401914394665046,-2.0
8.52,6.727758136855137,-7.143515926667164,-2.0
8.53,7.361277973395818,-6.883088384868753,-2.0
8.540000000000001,6.983653498870398,-5.170969453636119,-2.0
8.55,7.508406979264084,-5.657497601202973,-2.0
8.56,6.7726302069954905,-5.981930528011196,-2.0
8.57,8.855954165495179,-5.38384039300663,-2.0
8.58,6.688341005395404,-6.667082233486427,-2.0
8.59,6.018866853198315,-6.130081469026805,-2.0
8.6,4.239770555654411,-7.22731680286137,-2.0
8.61,7.03480700028203,-8.29533698635021,-2.0
8.620000000000001,7.770396649676448,-6.537656657038388,-2.0
8.63,7.719363790492179,-7.151742361503286,-2.0
8.64,5.53332177029064,-6.526618513028611,-2.0
8.65,4.350679159684475,-7.458492575847566,-2.0
8.66,7.874952524590985,-6.354751499094227,-2.0
8.67,6.40783356396817,-6.830843708047628,-2.0
8.68,5.303651343358787,-7.437799014767321,-2.0
8.69,5.8399462692752095,-6.485805345814649,-2.0
8.700000000000001,8.30581631100875,-8.897186839600561,-2.0
8.71,5.343864457068052,-7.94107498903979,-2.0
8.72,6.3967277599530075,-7.710429248505017,-2.0
8.73,6.572683306982,-8.153415955920995,-2.0
8.74,5.467845717355664,-7.980136621493923,-2.0
8.75,7.299709960769846,-7.318736505834809,-2.0
8.76,5.994178747629473,-9.009942230461089,-2.0
8.77,6.452922899424111,-7.8720980154717015,-2.0
8.78,4.774875456208282,-10.300819708232941,-2.0
8.790000000000001,5.795611416474409,-6.918995745399576,-2.0
8.8,6.549214498357216,-7.809814662995606,-2.0
8.81,5.232974639721809,-10.318326769689193,-2.0
8.82,5.916543571578745,-8.482165014383463,-2.0
8.83,6.012653935662129,-8.981961945473202,-2.0
8.84,7.1102003055342635,-7.675142549221041,-2.0
8.85,5.28095884884665,-7.953612559020032,-2.0
8.86,3.6963443283539092,-8.551095161949123,-2.0
8.870000000000001,5.565376016758626,-8.922438739839173,-2.0
8.88,6.291404094619484,-7.966916381189365,-2.0
8.89,6.089474895429383,-8.671572292464177,-2.0
8.9,4.2604439915739025,-10.066047386175939,-2.0
8.91,5.001996172752042,-7.587371358184928,-2.0
8.92,7.296254619278689,-9.658872443088551,-2.0
8.93,5.575625200314487,-9.527688544357215,-2.0
8.94,4.937792119347539,-10.640942717533475,-2.0
8.950000000000001,4.5768933974975194,-9.188769834700855,-2.0
8.96,2.852986760039613,-8.058149906243136,-2.0
8.97,1.7361669205776908,-8.917602984947916,-2.0
8.98,3.370101327055612,-8.528435992016165,-2.0
8.99,2.543217551899728,-9.921706578311069,-2.0
9.0,3.677622426758629,-9.877745264307757,-2.0
9.01,3.224992233862859,-8.076919305282187,-2.0
9.02,5.303507491197004,-9.882585038808852,-2.0
9.03,2.5752913175045573,-7.905180641551054,-2.0
9.040000000000001,4.316542623122188,-8.471704847732937,-2.0
9.05,3.675887358004367,-9.268160015091569,-2.0
9.06,3.7382472923568155,-9.966722825925148,-2.0
9.07,3.4325659079362945,-9.689125408297421,-2.0
9.08,3.847611353929583,-9.240476726826216,-2.0
9.09,3.7605220484185127,-8.743413296811058,-2.0
9.1,4.678418164571465,-9.61093875205651,-2.0
9.11,1.811247642882798,-8.41369963937659,-2.0
9.120000000000001,2.2816636669354593,-10.109442762844223,-2.0
9.13,1.6219120248737748,-9.057688754457844,-2.0
9.14,1.1332311888333035,-9.315957588951287,-2.0
9.15,1.3465592520102998,-8.726312782274704,-2.0
9.16,3.0705010189544977,-10.034662044811588,-2.0
9.17,2.3416524514333124,-9.294776802175724,-2.0
9.18,0.9710510413554201,-9.614731406738185,-2.0
9.19,5.177034712777985,-9.254850360220535,-2.0
9.200000000000001,3.205447511475385,-11.573419087888768,-2.0
9.21,2.9634577449862953,-10.148423214760475,-2.0
9.22,3.1648559650392087,-11.854870446770938,-2.0
9.23,3.0981671634492103,-10.189782595048626,-2.0
9.24,0.9573055076178705,-8.543032374968,-2.0
9.25,2.3367318824060663,-12.01537700924921,-2.0
9.26,1.9534584638918864,-12.15501083692777,-2.0
9.27,2.290702220992456,-11.325029729580091,-2.0
9.28,1.3836514411795755,-8.736789399378381,-2.0
9.290000000000001,-0.6130327261064512,-9.68382476822733,-2.0
9.3,1.0223749494402476,-9.79801304059434,-2.0
9.31,1.6779667410636294,-11.176270042009397,-2.0
9.32,1.5878788206621546,-11.075450052487971,-2.0
9.33,2.7179925827090146,-11.21226499766098,-2.0
9.34,-0.11187138292633536,-9.565050445917905,-2.0
9.35,1.2429849115978722,-9.970853948842585,-2.0
9.36,-0.15132257615455058,-10.915088327761612,-2.0
9.370000000000001,1.4482911277836519,-9.493778785035982,-2.0
9.38,1.8096799229007923,-9.337921175534348,-2.0
9.39,1.695147730443583,-10.793228400675673,-2.0
9.4,0.6156401313105021,-9.990604711826231,-2.0
9.41,0.18568462017533738,-9.687492797334274,-2.0
9.42,0.21649589350999782,-8.472504211179464,-2.0
9.43,1.8304811357699915,-9.727095984124489,-2.0
9.44,0.9295503028877241,-10.091030820241684,-2.0
9.450000000000001,-1.1116078775310008,-10.39696321540986,-2.0
9.46,-0.18192003856221153,-9.200391146824122,-2.0
9.47,-1.8414154870315291,-11.292662878506091,-2.0
9.48,0.42009588478801896,-9.208706861174628,-2.0
9.49,-1.3939183357902514,-9.96183931259277,-2.0
9.5,-0.91836071588127,-8.47804769377388,-2.0
9.51,-1.024655949519584,-10.382630924332261,-2.0
9.52,0.12684779009209157,-10.245579856402045,-2.0
9.53,-1.1601740349688947,-9.055545622778245,-2.0
9.540000000000001,-1.2595221177524147,-9.02241797340168,-2.0
9.55,-1.2253585944126824,-9.571400751100931,-2.0
9.56,-1.4994661458703917,-8.730162938453304,-2.0
9.57,-1.0683683976872966,-8.485973692934506,-2.0
9.58,-3.355884835876037,-9.717865333262619,-2.0
9.59,-0.9420027121815674,-10.434378988953677,-2.0
9.6,-2.3505660698316833,-9.752178666708282,-2.0
9.61,-4.2343541343753675,-9.952965225822508,-2.0
9.620000000000001,-1.7930421956541092,-8.50581802393462,-2.0
9.63,-3.3473371540005292,-9.6713489464014,-2.0
9.64,-3.1381579647819287,-9.82253530127546,-2.0
9.65,-2.5816815521417156,-10.93282031716462,-2.0
9.66,-1.6358701476715225,-8.557900998795537,-2.0
9.67,-1.4895564293062593,-8.533248696868464,-2.0
9.68,-2.151545711837855,-9.923557601823132,-2.0
9.69,-2.792653504664882,-10.649936954547051,-2.0
9.700000000000001,-1.0316622391536723,-10.211460541862838,-2.0
9.71,-2.4061945066981436,-9.51555578570847,-2.0
9.72,-2.8890019975064476,-10.231637631607864,-2.0
9.73,-3.678270382975913,-7.957405436287366,-2.0
9.74,-2.377928272299859,-8.873203224559767,-2.0
9.75,-1.0332167886617936,-9.380904583475534,-2.0
9.76,-2.51130502344409,-9.227808531738368,-2.0
9.77,-3.2462465183907456,-9.217847613247942,-2.0
9.78,-2.855526764889749,-11.102322678515444,-2.0
9.790000000000001,-4.480928935167729,-10.734265212903125,-2.0
9.8,-1.6341419528005594,-6.301909602823377,-2.0
9.81,-5.0039845259803615,-8.587648775944858,-2.0
9.82,-4.539577017632849,-9.759698927652824,-2.0
9.83,-2.455914990869038,-9.536587291103187,-2.0
9.84,-2.803805328604076,-8.9474375398919,-2.0
9.85,-4.115270195625117,-8.981817977724855,-2.0
9.86,-5.2387834953608206,-8.2214960001821,-2.0
9.870000000000001,-6.277576911391438,-9.356006289969809,-2.0
9.88,-5.123818898426212,-9.62956889491323,-2.0
9.89,-5.863806326178382,-7.63047929484132,-2.0
9.9,-3.9689469973215417,-8.121745888397584,-2.0
9.91,-3.7562810011632326,-10.344256977050152,-2.0
9.92,-4.38490223837248,-10.143189003762721,-2.0
9.93,-7.446166039099506,-8.755787851207456,-2.0
9.94,-6.0728985066749575,-10.273703436387011,-2.0
9.950000000000001,-6.077311386861894,-9.288205935841368,-2.0
9.96,-3.797418535577628,-9.204530482108565,-2.0
9.97,-5.514766211123214,-8.817902774526756,-2.0
9.98,-3.6412386866108295,-8.312724918692382,-2.0
9.99,-3.9348093400316633,-8.691243370977476,-2.0
10.0,-5.841217305491567,-8.954899981783646,-2.0
10.01,-6.901280158941844,-7.419835799642828,-2.0
10.02,-6.521874536920139,-8.279398412464305,-2.0
10.03,-5.514624346588191,-6.670631817670572,-2.0
10.040000000000001,-6.101644691960942,-9.44261203828674,-2.0
10.05,-5.317624171740611,-6.712525414292337,-2.0
10.06,-5.64011014432902,-7.9187650664016624,-2.0
10.07,-6.871868583217263,-7.6599317037349595,-2.0
10.08,-5.507672516948704,-8.911481718620758,-2.0
10.09,-7.295258888651673,-6.3972269123755625,-2.0
10.1,-7.245337051401253,-7.399404247295381,-2.0
10.11,-6.651334383739509,-6.602808642449355,-2.0
10.120000000000001,-6.700082763925211,-6.725571605912541,-2.0
10.13,-6.379338666684943,-7.989360399299931,-2.0
10.14,-7.09380324004965,-8.626776730012358,-2.0
10.15,-6.647571657512016,-6.883078025885397,-2.0
10.16,-7.901323113736316,-8.307238299991301,-2.0
10.17,-5.273225729338139,-6.220080369874032,-2.0
10.18,-6.79213061126208,-6.965385078959169,-2.0
10.19,-7.355363997297249,-8.564302623682572,-2.0
10.200000000000001,-7.490027030465561,-6.973208930814497,-2.0
10.21,-7.528110990697437,-7.7014444246604885,-2.0
10.22,-6.253918824178921,-7.516543340186456,-2.0
10.23,-8.289667307107772,-7.40803419505682,-2.0
10.24,-6.964904279190025,-6.840272496067592,-2.0
10.25,-7.0028599803482825,-5.5954550630090685,-2.0
10.26,-5.9739207392334865,-6.1844353981786355,-2.0
10.27,-6.811351728278706,-6.514588482409953,-2.0
10.28,-8.50690904278036,-5.243714375397783,-2.0
10.290000000000001,-5.95148971152106,-8.057368676132633,-2.0
10.3,-6.507615138868873,-7.2208222598731115,-2.0
10.31,-8.364266331055358,-6.210115081485414,-2.0
10.32,-7.874733755689749,-6.868269228041825,-2.0
10.33,-7.518061905368032,-7.602284815101677,-2.0
10.34,-8.061601309912373,-5.14253147233487,-2.0
10.35,-9.024303284045303,-6.813845860243772,-2.0
10.36,-8.865913177760207,-7.131969378454975,-2.0
10.370000000000001,-10.110542897867173,-5.870841906544746,-2.0
10.38,-7.34904719195224,-7.102437589277428,-2.0
10.39,-8.132665204962283,-4.194230638532195,-2.0
10.4,-8.283964264682162,-4.201919472887831,-2.0
10.41,-7.670176042296321,-6.5517059098956665,-2.0
10.42,-7.821321993674475,-6.6678111835048925,-2.0
10.43,-9.947424237153028,-4.251245582016428,-2.0
10.44,-6.764259542474556,-5.049364910674946,-2.0
10.450000000000001,-6.821369568718008,-6.423892487636033,-2.0
10.46,-8.345126124025711,-5.440218474418175,-2.0
10.47,-8.64918995045388,-4.530908985398814,-2.0
10.48,-8.726656850361444,-6.196887898344589,-2.0
10.49,-8.080331482736904,-4.98525784507861,-2.0
10.5,-7.842740243871223,-4.511184034760239,-2.0
10.51,-8.753498310311146,-4.193028151167059,-2.0
10.52,-11.141717784421921,-3.8052322794972957,-2.0
10.53,-8.435762712308769,-4.505422696822189,-2.0
10.540000000000001,-9.342312738934291,-5.112530059779232,-2.0
10.55,-8.798770384991014,-3.291763293155448,-2.0
10.56,-11.238832005828035,-4.888425803515108,-2.0
10.57,-8.467483400813062,-1.3401059621624336,-2.0
10.58,-8.751203688764479,-4.160761235145273,-2.0
10.59,-7.577187713380236,-4.491674140555252,-2.0
10.6,-7.943374998254733,-3.713825664893799,-2.0
10.61,-10.732688556271826,-4.069287570601078,-2.0
10.620000000000001,-8.38717806176824,-2.9844175602918748,-2.0
10.63,-8.05251048741663,-3.9922258295817494,-2.0
10.64,-8.915354161506995,-3.8967102983330255,-2.0
10.65,-8.025346562505199,-3.462319879622869,-2.0
10.66,-8.597463261718685,-3.2694066174349783,-2.0
10.67,-10.78049547767674,-3.393688295360757,-2.0
10.68,-8.947071669587693,-2.9388278772542193,-2.0
10.69,-7.260618276090067,-3.48164765938234,-2.0
10.700000000000001,-10.39713356600401,-2.5765973076990303,-2.0
10.71,-10.298348150049359,-1.9059200320937593,-2.0
10.72,-11.186445570468134,-1.345952746714662,-2.0
10.73,-9.293584262597886,-3.5214046614474146,-2.0
10.74,-9.410076643400865,-1.2889292034139954,-2.0
10.75,-8.772809097020849,-1.242328634368073,-2.0
10.76,-10.119630043384022,-3.864679644177466,-2.0
10.77,-9.333815951819757,-0.8784015658501907,-2.0
10.78,-10.160080937914268,-2.384190624781503,-2.0
10.790000000000001,-11.529884825332955,-1.5768594295027618,-2.0
10.8,-8.442564729367547,-3.9802182462311615,-2.0
10.81,-8.591086563592595,-1.161404130045102,-2.0
10.82,-9.535062500160556,-2.7841828987658324,-2.0
10.83,-10.716135517160335,-0.39758599323329635,-2.0
10.84,-8.352094777474925,-2.313477382381279,-2.0
10.85,-9.370473763292797,-2.407063456183543,-2.0
10.86,-10.3991836936007,-0.961441296765636,-2.0
10.870000000000001,-12.246236179548461,-1.8435903724340346,-2.0
10.88,-9.019512353258467,-0.48583565663962724,-2.0
10.89,-9.744645126552816,-0.8424248112836689,-2.0
10.9,-10.474987818702155,-0.45714047844778916,-2.0
10.91,-9.446861055347906,-1.7497702803428736,-2.0
10.92,-8.942025993284611,-0.5954585612349443,-2.0
10.93,-10.959213053049409,-0.545527899729277,-2.0
10.94,-9.427913687723354,1.180192739024859,-2.0
10.950000000000001,-10.907090375819537,-0.12546970880982894,-2.0
10.96,-10.324827799323776,2.5242230101740715,-2.0
10.97,-9.176011145854899,1.0144296103380686,-2.0
10.98,-7.4107573838310365,-2.3862687426643787,-2.0
10.99,-9.30556054914038,-0.24803085211998693,-2.0
11.0,-10.035354780861764,1.051716507624806,-2.0
11.01,-10.897497394031383,0.3893214847016786,-2.0
11.02,-11.491258805665552,1.047350203598668,-2.0
11.03,-10.356307819698769,1.0870844507907873,-2.0
11.040000000000001,-11.26498538618095,-1.2522162027022985,-2.0
11.05,-10.20856451673529,-0.20309910053224822,-2.0
11.06,-11.525038525822106,0.7049740246270708,-2.0
11.07,-10.386270466740985,0.7238018395732353,-2.0
11.08,-10.183090718068739,0.7720864116951107,-2.0
11.09,-9.33986567985636,-0.7665803844187313,-2.0
11.1,-8.842179686103565,1.4884836186026877,-2.0
11.11,-10.788048077583515,1.2124662134044557,-2.0
11.120000000000001,-10.006965672506201,2.026958741651928,-2.0
11.13,-10.025209513790477,-1.5423327281467787,-2.0
11.14,-9.611372622760474,-0.5938264642750355,-2.0
11.15,-9.622252582573564,1.7167805797581357,-2.0
11.16,-10.44968314467361,1.1892228086191463,-2.0
11.17,-11.009568221830708,2.9504478927388496,-2.0
11.18,-10.860170802050096,2.532395733279467,-2.0
11.19,-11.321668242423288,2.8259552054281585,-2.0
11.200000000000001,-8.604384895547168,2.5303892718436862,-2.0
11.21,-7.5684360624906875,1.8758648978129266,-2.0
11.22,-9.748429511377791,2.2216650043981536,-2.0
11.23,-11.300182058490101,2.472584874502906,-2.0
11.24,-9.872507759840957,1.732594844019677,-2.0
11.25,-9.290705232353357,1.5998739686300563,-2.0
11.26,-9.694357143023746,3.6019565989571953,-2.0
11.27,-9.442230288617921,3.6815530642193277,-2.0
11.28,-10.171964675592745,3.1569954371914513,-2.0
11.290000000000001,-8.144578193037884,3.5714876449863002,-2.0
11.3,-8.888373048621045,2.5061373525152697,-2.0
11.31,-11.55240273393585,2.9879951820746853,-2.0
11.32,-10.456346318260445,4.296244978805078,-2.0
11.33,-8.318226148952029,3.052389900197265,-2.0
11.34,-9.050754250779754,2.396497525216346,-2.0
11.35,-10.29949215228984,2.4766961251719626,-2.0
11.36,-10.243777255889869,4.108583365414614,-2.0
11.370000000000001,-10.924261483371001,3.6247493043092973,-2.0
11.38,-7.766465394682217,5.020774165809563,-2.0
11.39,-8.031742448784968,4.7538330966896405,-2.0
11.4,-7.954004572660068,4.757723232655821,-2.0
11.41,-7.576497257677425,3.520829573085339,-2.0
11.42,-9.300841293317953,6.2209263420191805,-2.0
11.43,-9.282383358778079,2.648006530931499,-2.0
11.44,-12.18199720335334,2.1301067227792294,-2.0
11.450000000000001,-8.616315113805541,3.092716730004383,-2.0
11.46,-8.721329378086613,4.650110837528941,-2.0
11.47,-11.523384653916194,4.9068895498942595,-2.0
11.48,-9.278356845378335,4.152849822675286,-2.0
11.49,-10.558222271218277,5.693189445274778,-2.0
11.5,-9.370222100806705,5.429682673407759,-2.0
11.51,-7.374790535130588,4.884255873856027,-2.0
11.52,-9.47753136234453,4.539925709123642,-2.0
11.53,-9.00622266197432,4.7291461355872535,-2.0
11.540000000000001,-8.660510173575945,5.021064124055934,-2.0
11.55,-7.727850384269656,6.215902581888796,-2.0
11.56,-8.457675871539381,5.348659774923538,-2.0
11.57,-8.290177362084,6.315048369329984,-2.0
11.58,-9.27146302764816,5.868020011648048,-2.0
11.59,-8.649137328460489,4.320865038901079,-2.0
11.6,-8.40239128053686,7.084648835999759,-2.0
11.61,-6.244721433864408,6.8170275500902,-2.0
11.620000000000001,-8.594111444684799,5.245963570849577,-2.0
11.63,-9.087773875300188,5.125125041871188,-2.0
11.64,-8.735094241087785,6.907061305628595,-2.0
11.65,-5.718777040401952,7.265947519289098,-2.0
11.66,-8.934820205704241,6.461438334213781,-2.0
11.67,-7.791613429641244,6.472812827528974,-2.0
11.68,-8.188666477913042,3.9064062088543308,-2.0
11.69,-8.790532454378598,6.238362754172161,-2.0
11.700000000000001,-9.561455698302595,6.825736079063488,-2.0
11.71,-7.83230839702722,6.112938949319831,-2.0
11.72,-6.854767851364309,6.212761885969304,-2.0
11.73,-8.787728129583796,8.673454554348071,-2.0
11.74,-8.703047735686365,6.235033567287044,-2.0
11.75,-8.46851349245704,6.167203676708129,-2.0
11.76,-5.8436229505440975,6.095054305619436,-2.0
11.77,-8.379048875320985,8.386649577324402,-2.0
11.78,-8.367822437080548,7.1711466840664375,-2.0
11.790000000000001,-6.68541097573894,7.472516773348997,-2.0
11.8,-7.644442150434205,7.500634839982719,-2.0
11.81,-7.184643583186348,6.9844041895894104,-2.0
11.82,-7.974982418155125,6.48690521053645,-2.0
11.83,-9.292349126558335,6.234079907596305,-2.0
11.84,-7.8977623080489225,7.963264039551161,-2.0
11.85,-5.437060952611167,7.192956303733011,-2.0
11.86,-8.245975441967062,7.557280779148299,-2.0
11.870000000000001,-7.119596990917795,8.452399466086298,-2.0
11.88,-5.457253532450421,8.366522094935886,-2.0
11.89,-5.551555715083483,7.745013049448034,-2.0
11.9,-6.5549005840463455,6.179211621470591,-2.0
11.91,-4.198251897764932,6.901689033908288,-2.0
11.92,-5.382703411346812,9.394711106199379,-2.0
11.93,-4.456166293238288,8.818746743747992,-2.0
11.94,-6.863363394968521,8.713037691692062,-2.0
11.950000000000001,-5.16640971921651,8.50953993836936,-2.0
11.96,-5.303398032576832,8.532568856694587,-2.0
11.97,-6.5207373133084205,7.634407069860751,-2.0
11.98,-5.941456091821771,9.28819546766412,-2.0
11.99,-4.679201227553815,8.380087149522977,-2.0
